experiment,cohort,date,subject,day,exclude,group,box,procedure,beh_program,blockname,ppr_downsampled,pp_fr,direction,deprivation
aar,1,7/6/2021,aar01,0,0,naive,box01,fa_suc10,headfixed_free_access_v01,2021_07_06_aar01,32,NA,NA,wr
aar,1,7/6/2021,aar02,0,0,naive,box02,fa_suc10,headfixed_free_access_v01,2021_07_06_aar02,32,NA,NA,wr
aar,1,7/6/2021,aar03,0,0,naive,box03,fa_suc10,headfixed_free_access_v01,2021_07_06_aar03,32,NA,NA,wr
aar,1,7/6/2021,aar04,0,0,naive,box04,fa_suc10,headfixed_free_access_v01,2021_07_06_aar04,32,NA,NA,wr
aar,1,7/6/2021,aar05,0,0,naive,box01,fa_suc10,headfixed_free_access_v01,2021_07_06_aar05,32,NA,NA,wr
aar,1,7/6/2021,aar06,0,0,naive,box02,fa_suc10,headfixed_free_access_v01,2021_07_06_aar06,32,NA,NA,wr
aar,1,7/6/2021,aar07,0,0,naive,box03,fa_suc10,headfixed_free_access_v01,2021_07_06_aar07,32,NA,NA,wr
aar,1,7/6/2021,aar08,0,0,naive,box04,fa_suc10,headfixed_free_access_v01,2021_07_06_aar08,32,NA,NA,wr
aar,1,7/6/2021,aar09,0,0,naive,box01,fa_suc10,headfixed_free_access_v01,2021_07_06_aar09,32,NA,NA,wr
aar,1,7/6/2021,aar10,0,0,naive,box02,fa_suc10,headfixed_free_access_v01,2021_07_06_aar10,32,NA,NA,wr
aar,1,7/6/2021,aar11,0,0,naive,box03,fa_suc10,headfixed_free_access_v01,2021_07_06_aar11,32,NA,NA,wr
aar,1,7/6/2021,aar12,0,0,naive,box04,fa_suc10,headfixed_free_access_v01,2021_07_06_aar12,32,NA,NA,wr
aar,1,7/6/2021,aar13,0,0,naive,box01,fa_suc10,headfixed_free_access_v01,2021_07_06_aar13,32,NA,NA,wr
aar,1,7/6/2021,aar14,0,0,naive,box02,fa_suc10,headfixed_free_access_v01,2021_07_06_aar14,32,NA,NA,wr
aar,1,7/6/2021,aar15,0,0,naive,box03,fa_suc10,headfixed_free_access_v01,2021_07_06_aar15,32,NA,NA,wr
aar,1,7/6/2021,aar16,0,0,naive,box04,fa_suc10,headfixed_free_access_v01,2021_07_06_aar16,32,NA,NA,wr
aar,1,7/7/2021,aar02,1,0,naive,box02,training_mag,d01_headfixed_mag_training_v01,2021_07_07_aar02,32,NA,NA,wr
aar,1,7/7/2021,aar03,1,0,naive,box03,training_mag,d01_headfixed_mag_training_v01,2021_07_07_aar03,32,NA,NA,wr
aar,1,7/7/2021,aar05,1,0,naive,box01,training_mag,d01_headfixed_mag_training_v01,2021_07_07_aar05,32,NA,NA,wr
aar,1,7/7/2021,aar06,1,0,naive,box02,training_mag,d01_headfixed_mag_training_v01,2021_07_07_aar06,32,NA,NA,wr
aar,1,7/7/2021,aar07,1,0,naive,box03,training_mag,d01_headfixed_mag_training_v01,2021_07_07_aar07,32,NA,NA,wr
aar,1,7/7/2021,aar08,1,0,naive,box04,training_mag,d01_headfixed_mag_training_v01,2021_07_07_aar08,32,NA,NA,wr
aar,1,7/7/2021,aar09,1,0,naive,box01,training_mag,d01_headfixed_mag_training_v01,2021_07_07_aar09,32,NA,NA,wr
aar,1,7/7/2021,aar10,1,0,naive,box02,training_mag,d01_headfixed_mag_training_v01,2021_07_07_aar10,32,NA,NA,wr
aar,1,7/7/2021,aar11,1,0,naive,box03,training_mag,d01_headfixed_mag_training_v01,2021_07_07_aar11,32,NA,NA,wr
aar,1,7/7/2021,aar12,1,0,naive,box04,training_mag,d01_headfixed_mag_training_v01,2021_07_07_aar12,32,NA,NA,wr
aar,1,7/7/2021,aar13,1,0,naive,box01,training_mag,d01_headfixed_mag_training_v01,2021_07_07_aar13,32,NA,NA,wr
aar,1,7/7/2021,aar14,1,0,naive,box02,training_mag,d01_headfixed_mag_training_v01,2021_07_07_aar14,32,NA,NA,wr
aar,1,7/7/2021,aar15,1,0,naive,box03,training_mag,d01_headfixed_mag_training_v01,2021_07_07_aar15,32,NA,NA,wr
aar,1,7/7/2021,aar16,1,0,naive,box04,training_mag,d01_headfixed_mag_training_v01,2021_07_07_aar16,32,NA,NA,wr
aar,1,7/8/2021,aar01,1,0,naive,box01,training_mag,d01_headfixed_mag_training_v01,2021_07_08_aar01,32,NA,NA,wr
aar,1,7/8/2021,aar02,2,0,naive,box02,training_mag,d01_headfixed_mag_training_v01,2021_07_08_aar02,32,NA,NA,wr
aar,1,7/8/2021,aar03,2,0,naive,box03,training_mag,d01_headfixed_mag_training_v01,2021_07_08_aar03,32,NA,NA,wr
aar,1,7/8/2021,aar04,1,0,naive,box04,training_mag,d01_headfixed_mag_training_v01,2021_07_08_aar04,32,NA,NA,wr
aar,1,7/8/2021,aar05,2,0,naive,box01,training_mag,d01_headfixed_mag_training_v01,2021_07_08_aar05,32,NA,NA,wr
aar,1,7/8/2021,aar06,2,0,naive,box02,training_mag,d01_headfixed_mag_training_v01,2021_07_08_aar06,32,NA,NA,wr
aar,1,7/8/2021,aar07,2,0,naive,box03,training_mag,d01_headfixed_mag_training_v01,2021_07_08_aar07,32,NA,NA,wr
aar,1,7/8/2021,aar08,2,0,naive,box04,training_mag,d01_headfixed_mag_training_v01,2021_07_08_aar08,32,NA,NA,wr
aar,1,7/8/2021,aar09,2,0,naive,box01,training_mag,d01_headfixed_mag_training_v01,2021_07_08_aar09,32,NA,NA,wr
aar,1,7/8/2021,aar10,2,0,naive,box02,training_mag,d01_headfixed_mag_training_v01,2021_07_08_aar10,32,NA,NA,wr
aar,1,7/8/2021,aar11,2,0,naive,box03,training_mag,d01_headfixed_mag_training_v01,2021_07_08_aar11,32,NA,NA,wr
aar,1,7/8/2021,aar12,2,0,naive,box04,training_mag,d01_headfixed_mag_training_v01,2021_07_08_aar12,32,NA,NA,wr
aar,1,7/8/2021,aar13,2,0,naive,box01,training_mag,d01_headfixed_mag_training_v01,2021_07_08_aar13,32,NA,NA,wr
aar,1,7/8/2021,aar14,2,0,naive,box02,training_mag,d01_headfixed_mag_training_v01,2021_07_08_aar14,32,NA,NA,wr
aar,1,7/8/2021,aar15,2,0,naive,box03,training_mag,d01_headfixed_mag_training_v01,2021_07_08_aar15,32,NA,NA,wr
aar,1,7/8/2021,aar16,2,0,naive,box04,training_mag,d01_headfixed_mag_training_v01,2021_07_08_aar16,32,NA,NA,wr
aar,1,7/9/2021,aar01,2,0,naive,box01,training_mag,d01_headfixed_mag_training_v01,2021_07_09_aar01,32,NA,NA,wr
aar,1,7/9/2021,aar02,3,0,naive,box02,training_mag,d01_headfixed_mag_training_v01,2021_07_09_aar02,32,NA,NA,wr
aar,1,7/9/2021,aar03,3,0,naive,box03,training_mag,d01_headfixed_mag_training_v01,2021_07_09_aar03,32,NA,NA,wr
aar,1,7/9/2021,aar04,2,0,naive,box04,training_mag,d01_headfixed_mag_training_v01,2021_07_09_aar04,32,NA,NA,wr
aar,1,7/9/2021,aar05,3,0,naive,box01,training_mag,d01_headfixed_mag_training_v01,2021_07_09_aar05,32,NA,NA,wr
aar,1,7/9/2021,aar06,3,0,naive,box02,training_mag,d01_headfixed_mag_training_v01,2021_07_09_aar06,32,NA,NA,wr
aar,1,7/9/2021,aar07,3,0,naive,box03,training_mag,d01_headfixed_mag_training_v01,2021_07_09_aar07,32,NA,NA,wr
aar,1,7/9/2021,aar08,NA,1,naive,box04,training_mag,d01_headfixed_mag_training_v01,2021_07_09_aar08,32,NA,NA,wr
aar,1,7/9/2021,aar09,3,0,naive,box01,training_mag,d01_headfixed_mag_training_v01,2021_07_09_aar09,32,NA,NA,wr
aar,1,7/9/2021,aar10,3,0,naive,box02,training_mag,d01_headfixed_mag_training_v01,2021_07_09_aar10,32,NA,NA,wr
aar,1,7/9/2021,aar11,3,0,naive,box03,training_mag,d01_headfixed_mag_training_v01,2021_07_09_aar11,32,NA,NA,wr
aar,1,7/9/2021,aar12,3,0,naive,box04,training_mag,d01_headfixed_mag_training_v01,2021_07_09_aar12,32,NA,NA,wr
aar,1,7/9/2021,aar13,3,0,naive,box01,training_mag,d01_headfixed_mag_training_v01,2021_07_09_aar13,32,NA,NA,wr
aar,1,7/9/2021,aar14,3,0,naive,box02,training_mag,d01_headfixed_mag_training_v01,2021_07_09_aar14,32,NA,NA,wr
aar,1,7/9/2021,aar15,3,0,naive,box03,training_mag,d01_headfixed_mag_training_v01,2021_07_09_aar15,32,NA,NA,wr
aar,1,7/9/2021,aar16,3,0,naive,box04,training_mag,d01_headfixed_mag_training_v01,2021_07_09_aar16,32,NA,NA,wr
aar,1,7/10/2021,aar01,3,0,naive,box01,training_mag,d01_headfixed_mag_training_v01,2021_07_10_aar01,32,NA,NA,wr
aar,1,7/10/2021,aar04,3,0,naive,box04,training_mag,d01_headfixed_mag_training_v01,2021_07_10_aar04,32,NA,NA,wr
aar,1,7/10/2021,aar08,3,0,naive,box04,training_mag,d01_headfixed_mag_training_v01,2021_07_10_aar08,32,NA,NA,wr
aar,1,7/12/2021,aar01,4,0,naive,box01,fr_sucrose_10,d04_headfixed_rotary_operant_ratio_v06,2021_07_12_aar01,32,8,right,wr
aar,1,7/12/2021,aar02,4,0,naive,box02,fr_sucrose_10,d04_headfixed_rotary_operant_ratio_v06,2021_07_12_aar02,32,8,left,wr
aar,1,7/12/2021,aar03,4,0,naive,box03,fr_sucrose_10,d04_headfixed_rotary_operant_ratio_v06,2021_07_12_aar03,32,8,right,wr
aar,1,7/12/2021,aar04,4,0,naive,box04,fr_sucrose_10,d04_headfixed_rotary_operant_ratio_v06,2021_07_12_aar04,32,8,left,wr
aar,1,7/12/2021,aar05,4,0,naive,box01,fr_sucrose_10,d04_headfixed_rotary_operant_ratio_v06,2021_07_12_aar05,32,8,right,wr
aar,1,7/12/2021,aar06,4,0,naive,box02,fr_sucrose_10,d04_headfixed_rotary_operant_ratio_v06,2021_07_12_aar06,32,8,left,wr
aar,1,7/12/2021,aar07,4,0,naive,box03,fr_sucrose_10,d04_headfixed_rotary_operant_ratio_v06,2021_07_12_aar07,32,8,right,wr
aar,1,7/12/2021,aar08,4,0,naive,box04,fr_sucrose_10,d04_headfixed_rotary_operant_ratio_v06,2021_07_12_aar08,32,8,left,wr
aar,1,7/12/2021,aar09,4,0,naive,box01,fr_sucrose_10,d04_headfixed_rotary_operant_ratio_v06,2021_07_12_aar09,32,8,right,wr
aar,1,7/12/2021,aar10,4,0,naive,box02,fr_sucrose_10,d04_headfixed_rotary_operant_ratio_v06,2021_07_12_aar10,32,8,left,wr
aar,1,7/12/2021,aar11,4,0,naive,box03,fr_sucrose_10,d04_headfixed_rotary_operant_ratio_v06,2021_07_12_aar11,32,8,right,wr
aar,1,7/12/2021,aar12,4,0,naive,box04,fr_sucrose_10,d04_headfixed_rotary_operant_ratio_v06,2021_07_12_aar12,32,8,left,wr
aar,1,7/12/2021,aar13,4,0,naive,box01,fr_sucrose_10,d04_headfixed_rotary_operant_ratio_v06,2021_07_12_aar13,32,8,right,wr
aar,1,7/12/2021,aar14,4,0,naive,box02,fr_sucrose_10,d04_headfixed_rotary_operant_ratio_v06,2021_07_12_aar14,32,8,left,wr
aar,1,7/12/2021,aar15,4,0,naive,box03,fr_sucrose_10,d04_headfixed_rotary_operant_ratio_v06,2021_07_12_aar15,32,8,right,wr
aar,1,7/12/2021,aar16,4,0,naive,box04,fr_sucrose_10,d04_headfixed_rotary_operant_ratio_v06,2021_07_12_aar16,32,8,left,wr
aar,1,7/13/2021,aar01,5,0,naive,box01,fr_sucrose_10,d05_headfixed_rotary_operant_ratio_v06,2021_07_13_aar01,32,16,right,wr
aar,1,7/13/2021,aar02,5,0,naive,box02,fr_sucrose_10,d05_headfixed_rotary_operant_ratio_v06,2021_07_13_aar02,32,16,left,wr
aar,1,7/13/2021,aar03,5,0,naive,box03,fr_sucrose_10,d05_headfixed_rotary_operant_ratio_v06,2021_07_13_aar03,32,16,right,wr
aar,1,7/13/2021,aar04,5,0,naive,box04,fr_sucrose_10,d05_headfixed_rotary_operant_ratio_v06,2021_07_13_aar04,32,16,left,wr
aar,1,7/13/2021,aar05,5,0,naive,box01,fr_sucrose_10,d05_headfixed_rotary_operant_ratio_v06,2021_07_13_aar05,32,16,right,wr
aar,1,7/13/2021,aar06,5,0,naive,box02,fr_sucrose_10,d05_headfixed_rotary_operant_ratio_v06,2021_07_13_aar06,32,16,left,wr
aar,1,7/13/2021,aar07,5,0,naive,box03,fr_sucrose_10,d05_headfixed_rotary_operant_ratio_v06,2021_07_13_aar07,32,16,right,wr
aar,1,7/13/2021,aar08,5,0,naive,box04,fr_sucrose_10,d05_headfixed_rotary_operant_ratio_v06,2021_07_13_aar08,32,16,left,wr
aar,1,7/13/2021,aar09,5,0,naive,box01,fr_sucrose_10,d05_headfixed_rotary_operant_ratio_v06,2021_07_13_aar09,32,16,right,wr
aar,1,7/13/2021,aar10,5,0,naive,box02,fr_sucrose_10,d05_headfixed_rotary_operant_ratio_v06,2021_07_13_aar10,32,16,left,wr
aar,1,7/13/2021,aar11,5,0,naive,box03,fr_sucrose_10,d05_headfixed_rotary_operant_ratio_v06,2021_07_13_aar11,32,16,right,wr
aar,1,7/13/2021,aar12,5,0,naive,box04,fr_sucrose_10,d05_headfixed_rotary_operant_ratio_v06,2021_07_13_aar12,32,16,left,wr
aar,1,7/13/2021,aar13,5,0,naive,box01,fr_sucrose_10,d05_headfixed_rotary_operant_ratio_v06,2021_07_13_aar13,32,16,right,wr
aar,1,7/13/2021,aar14,5,0,naive,box02,fr_sucrose_10,d05_headfixed_rotary_operant_ratio_v06,2021_07_13_aar14,32,16,left,wr
aar,1,7/13/2021,aar15,5,0,naive,box03,fr_sucrose_10,d05_headfixed_rotary_operant_ratio_v06,2021_07_13_aar15,32,16,right,wr
aar,1,7/13/2021,aar16,5,0,naive,box04,fr_sucrose_10,d05_headfixed_rotary_operant_ratio_v06,2021_07_13_aar16,32,16,left,wr
aar,1,7/14/2021,aar01,6,0,naive,box01,fr_sucrose_10,d05_headfixed_rotary_operant_ratio_v06,2021_07_14_aar01,32,16,right,wr
aar,1,7/14/2021,aar02,6,0,naive,box02,fr_sucrose_10,d05_headfixed_rotary_operant_ratio_v06,2021_07_14_aar02,32,16,left,wr
aar,1,7/14/2021,aar03,6,0,naive,box03,fr_sucrose_10,d05_headfixed_rotary_operant_ratio_v06,2021_07_14_aar03,32,16,right,wr
aar,1,7/14/2021,aar04,6,0,naive,box04,fr_sucrose_10,d05_headfixed_rotary_operant_ratio_v06,2021_07_14_aar04,32,16,left,wr
aar,1,7/14/2021,aar05,6,0,naive,box01,fr_sucrose_10,d05_headfixed_rotary_operant_ratio_v06,2021_07_14_aar05,32,16,right,wr
aar,1,7/14/2021,aar06,6,0,naive,box02,fr_sucrose_10,d05_headfixed_rotary_operant_ratio_v06,2021_07_14_aar06,32,16,left,wr
aar,1,7/14/2021,aar07,6,0,naive,box03,fr_sucrose_10,d05_headfixed_rotary_operant_ratio_v06,2021_07_14_aar07,32,16,right,wr
aar,1,7/14/2021,aar08,6,0,naive,box04,fr_sucrose_10,d05_headfixed_rotary_operant_ratio_v06,2021_07_14_aar08,32,16,left,wr
aar,1,7/14/2021,aar09,6,0,naive,box01,fr_sucrose_10,d05_headfixed_rotary_operant_ratio_v06,2021_07_14_aar09,32,16,right,wr
aar,1,7/14/2021,aar10,6,0,naive,box02,fr_sucrose_10,d05_headfixed_rotary_operant_ratio_v06,2021_07_14_aar10,32,16,left,wr
aar,1,7/14/2021,aar11,6,0,naive,box03,fr_sucrose_10,d05_headfixed_rotary_operant_ratio_v06,2021_07_14_aar11,32,16,right,wr
aar,1,7/14/2021,aar12,6,0,naive,box04,fr_sucrose_10,d05_headfixed_rotary_operant_ratio_v06,2021_07_14_aar12,32,16,left,wr
aar,1,7/14/2021,aar13,6,0,naive,box01,fr_sucrose_10,d05_headfixed_rotary_operant_ratio_v06,2021_07_14_aar13,32,16,right,wr
aar,1,7/14/2021,aar14,6,0,naive,box02,fr_sucrose_10,d05_headfixed_rotary_operant_ratio_v06,2021_07_14_aar14,32,16,left,wr
aar,1,7/14/2021,aar15,6,0,naive,box03,fr_sucrose_10,d05_headfixed_rotary_operant_ratio_v06,2021_07_14_aar15,32,16,right,wr
aar,1,7/14/2021,aar16,6,0,naive,box04,fr_sucrose_10,d05_headfixed_rotary_operant_ratio_v06,2021_07_14_aar16,32,16,left,wr
aar,1,7/15/2021,aar01,7,0,naive,box01,fr_sucrose_10,d05_headfixed_rotary_operant_ratio_v06,2021_07_15_aar01,32,16,right,wr
aar,1,7/15/2021,aar02,7,0,naive,box02,fr_sucrose_10,d05_headfixed_rotary_operant_ratio_v06,2021_07_15_aar02,32,16,left,wr
aar,1,7/15/2021,aar03,7,0,naive,box03,fr_sucrose_10,d05_headfixed_rotary_operant_ratio_v06,2021_07_15_aar03,32,16,right,wr
aar,1,7/15/2021,aar04,7,0,naive,box04,fr_sucrose_10,d05_headfixed_rotary_operant_ratio_v06,2021_07_15_aar04,32,16,left,wr
aar,1,7/15/2021,aar05,7,0,naive,box01,fr_sucrose_10,d05_headfixed_rotary_operant_ratio_v06,2021_07_15_aar05,32,16,right,wr
aar,1,7/15/2021,aar06,7,0,naive,box02,fr_sucrose_10,d05_headfixed_rotary_operant_ratio_v06,2021_07_15_aar06,32,16,left,wr
aar,1,7/15/2021,aar07,7,0,naive,box03,fr_sucrose_10,d05_headfixed_rotary_operant_ratio_v06,2021_07_15_aar07,32,16,right,wr
aar,1,7/15/2021,aar08,7,0,naive,box04,fr_sucrose_10,d05_headfixed_rotary_operant_ratio_v06,2021_07_15_aar08,32,16,left,wr
aar,1,7/15/2021,aar09,7,0,naive,box01,fr_sucrose_10,d05_headfixed_rotary_operant_ratio_v06,2021_07_15_aar09,32,16,right,wr
aar,1,7/15/2021,aar10,7,0,naive,box02,fr_sucrose_10,d05_headfixed_rotary_operant_ratio_v06,2021_07_15_aar10,32,16,left,wr
aar,1,7/15/2021,aar11,7,0,naive,box03,fr_sucrose_10,d05_headfixed_rotary_operant_ratio_v06,2021_07_15_aar11,32,16,right,wr
aar,1,7/15/2021,aar12,7,0,naive,box04,fr_sucrose_10,d05_headfixed_rotary_operant_ratio_v06,2021_07_15_aar12,32,16,left,wr
aar,1,7/15/2021,aar13,7,0,naive,box01,fr_sucrose_10,d05_headfixed_rotary_operant_ratio_v06,2021_07_15_aar13,32,16,right,wr
aar,1,7/15/2021,aar14,7,0,naive,box02,fr_sucrose_10,d05_headfixed_rotary_operant_ratio_v06,2021_07_15_aar14,32,16,left,wr
aar,1,7/15/2021,aar15,7,0,naive,box03,fr_sucrose_10,d05_headfixed_rotary_operant_ratio_v06,2021_07_15_aar15,32,16,right,wr
aar,1,7/15/2021,aar16,7,0,naive,box04,fr_sucrose_10,d05_headfixed_rotary_operant_ratio_v06,2021_07_15_aar16,32,16,left,wr
abb,1,4/11/2022,abb01,0,0,GRAB_DA1h,box05,fa_sucrose20,d00_headfixed_free_access_v01,2022_04_11_abb01,NA,NA,NA,fr
abb,1,4/11/2022,abb03,0,0,GRAB_DA1h,box05,fa_sucrose20,d00_headfixed_free_access_v01,2022_04_11_abb03,NA,NA,NA,wr
abb,1,4/11/2022,abb05,0,0,GRAB_DA1h,box05,fa_sucrose20,d00_headfixed_free_access_v01,2022_04_11_abb05,NA,NA,NA,fr
abb,1,4/11/2022,abb06,0,0,GRAB_DA1h,box05,fa_sucrose20,d00_headfixed_free_access_v01,2022_04_11_abb06,NA,NA,NA,wr
abb,1,4/12/2022,abb01,1,0,GRAB_DA1h,box05,fa_sucrose20,d00_headfixed_free_access_v01,2022_04_12_abb01,NA,NA,NA,fr
abb,1,4/12/2022,abb03,1,0,GRAB_DA1h,box05,fa_sucrose20,d00_headfixed_free_access_v01,2022_04_12_abb03,NA,NA,NA,wr
abb,1,4/12/2022,abb04,0,0,GRAB_DA1h,box05,fa_sucrose20,d00_headfixed_free_access_v01,2022_04_12_abb04,NA,NA,NA,fr
abb,1,4/12/2022,abb05,1,0,GRAB_DA1h,box05,fa_sucrose20,d00_headfixed_free_access_v01,2022_04_12_abb05,NA,NA,NA,wr
abb,1,4/12/2022,abb06,1,0,GRAB_DA1h,box05,fa_sucrose20,d00_headfixed_free_access_v01,2022_04_12_abb06,NA,NA,NA,fr
abb,1,4/13/2022,abb01,2,0,GRAB_DA1h,box05,fa_sucrose20,d00_headfixed_free_access_v01,2022_04_13_abb01,NA,NA,NA,fr
abb,1,4/13/2022,abb03,2,0,GRAB_DA1h,box05,fa_sucrose20,d00_headfixed_free_access_v01,2022_04_13_abb03,NA,NA,NA,wr
abb,1,4/13/2022,abb04,1,0,GRAB_DA1h,box05,fa_sucrose20,d00_headfixed_free_access_v01,2022_04_13_abb04,NA,NA,NA,fr
abb,1,4/13/2022,abb05,2,0,GRAB_DA1h,box05,fa_sucrose20,d00_headfixed_free_access_v01,2022_04_13_abb05,NA,NA,NA,wr
abb,1,4/13/2022,abb06,2,0,GRAB_DA1h,box05,fa_sucrose20,d00_headfixed_free_access_v01,2022_04_13_abb06,NA,NA,NA,fr
abb,1,4/14/2022,abb01,3,0,GRAB_DA1h,box05,multi_s,headfixed_forced_choice_v03,2022_04_14_abb01,NA,NA,NA,fr
abb,1,4/14/2022,abb03,3,0,GRAB_DA1h,box05,multi_s,headfixed_forced_choice_v03,2022_04_14_abb03,NA,NA,NA,wr
abb,1,4/14/2022,abb04,2,0,GRAB_DA1h,box05,fa_sucrose20,d00_headfixed_free_access_v01,2022_04_14_abb04,NA,NA,NA,fr
abb,1,4/14/2022,abb05,3,0,GRAB_DA1h,box05,multi_s,headfixed_forced_choice_v03,2022_04_14_abb05,NA,NA,NA,wr
abb,1,4/14/2022,abb06,3,0,GRAB_DA1h,box05,multi_s,headfixed_forced_choice_v03,2022_04_14_abb06,NA,NA,NA,fr
abb,1,4/15/2022,abb01,4,0,GRAB_DA1h,box05,multi_s,headfixed_forced_choice_v03,2022_04_15_abb01,NA,NA,NA,fr
abb,1,4/15/2022,abb03,4,0,GRAB_DA1h,box05,multi_s,headfixed_forced_choice_v03,2022_04_15_abb03,NA,NA,NA,wr
abb,1,4/15/2022,abb04,3,0,GRAB_DA1h,box05,multi_s,headfixed_forced_choice_v03,2022_04_15_abb04,NA,NA,NA,fr
abb,1,4/15/2022,abb05,4,0,GRAB_DA1h,box05,multi_s,headfixed_forced_choice_v03,2022_04_15_abb05,NA,NA,NA,wr
abb,1,4/15/2022,abb06,4,0,GRAB_DA1h,box05,multi_s,headfixed_forced_choice_v03,2022_04_15_abb06,NA,NA,NA,fr
abb,1,4/16/2022,abb04,4,0,GRAB_DA1h,box05,multi_s,headfixed_forced_choice_v03,2022_04_16_abb04,NA,NA,NA,fr
abb,1,4/18/2022,abb01,5,0,GRAB_DA1h,box05,multi_s,headfixed_forced_choice_v03,2022_04_18_abb01,NA,NA,NA,fr
abb,1,4/18/2022,abb03,5,0,GRAB_DA1h,box05,multi_s,headfixed_forced_choice_v03,2022_04_18_abb03,NA,NA,NA,wr
abb,1,4/18/2022,abb04,5,0,GRAB_DA1h,box05,multi_s,headfixed_forced_choice_v03,2022_04_18_abb04,NA,NA,NA,fr
abb,1,4/18/2022,abb05,5,0,GRAB_DA1h,box05,multi_s,headfixed_forced_choice_v03,2022_04_18_abb05,NA,NA,NA,wr
abb,1,4/18/2022,abb06,5,0,GRAB_DA1h,box05,multi_s,headfixed_forced_choice_v03,2022_04_18_abb06,NA,NA,NA,fr
abb,1,4/19/2022,abb01,6,0,GRAB_DA1h,box05,multi_s,headfixed_forced_choice_v03,2022_04_19_abb01,NA,NA,NA,fr
abb,1,4/19/2022,abb03,6,0,GRAB_DA1h,box05,multi_s,headfixed_forced_choice_v03,2022_04_19_abb03,NA,NA,NA,wr
abb,1,4/19/2022,abb04,6,0,GRAB_DA1h,box05,multi_s,headfixed_forced_choice_v03,2022_04_19_abb04,NA,NA,NA,fr
abb,1,4/19/2022,abb05,6,0,GRAB_DA1h,box05,multi_s,headfixed_forced_choice_v03,2022_04_19_abb05,NA,NA,NA,wr
abb,1,4/19/2022,abb06,6,0,GRAB_DA1h,box05,multi_s,headfixed_forced_choice_v03,2022_04_19_abb06,NA,NA,NA,fr
abb,1,4/20/2022,abb01,7,0,GRAB_DA1h,box05,multi_s,headfixed_forced_choice_v03,2022_04_20_abb01,NA,NA,NA,fr
abb,1,4/20/2022,abb03,7,0,GRAB_DA1h,box05,multi_s,headfixed_forced_choice_v03,2022_04_20_abb03,NA,NA,NA,wr
abb,1,4/20/2022,abb04,7,0,GRAB_DA1h,box05,multi_s,headfixed_forced_choice_v03,2022_04_20_abb04,NA,NA,NA,fr
abb,1,4/20/2022,abb05,7,0,GRAB_DA1h,box05,multi_s,headfixed_forced_choice_v03,2022_04_20_abb05,NA,NA,NA,wr
abb,1,4/20/2022,abb06,7,0,GRAB_DA1h,box05,multi_s,headfixed_forced_choice_v03,2022_04_20_abb06,NA,NA,NA,fr
abb,1,4/21/2022,abb01,8,0,GRAB_DA1h,box05,multi_s,headfixed_forced_choice_v03,2022_04_21_abb01,NA,NA,NA,fr
abb,1,4/21/2022,abb03,8,0,GRAB_DA1h,box05,multi_s,headfixed_forced_choice_v03,2022_04_21_abb03,NA,NA,NA,wr
abb,1,4/21/2022,abb04,8,0,GRAB_DA1h,box05,multi_s,headfixed_forced_choice_v03,2022_04_21_abb04,NA,NA,NA,fr
abb,1,4/21/2022,abb05,8,0,GRAB_DA1h,box05,multi_s,headfixed_forced_choice_v03,2022_04_21_abb05,NA,NA,NA,wr
abb,1,4/21/2022,abb06,8,0,GRAB_DA1h,box05,multi_s,headfixed_forced_choice_v03,2022_04_21_abb06,NA,NA,NA,fr
abb,1,4/22/2022,abb01,9,0,GRAB_DA1h,box05,multi_s,headfixed_forced_choice_v03,2022_04_22_abb01,NA,NA,NA,fr
abb,1,4/22/2022,abb03,9,0,GRAB_DA1h,box05,multi_s,headfixed_forced_choice_v03,2022_04_22_abb03,NA,NA,NA,wr
abb,1,4/22/2022,abb04,9,0,GRAB_DA1h,box05,multi_s,headfixed_forced_choice_v03,2022_04_22_abb04,NA,NA,NA,fr
abb,1,4/22/2022,abb05,9,0,GRAB_DA1h,box05,multi_s,headfixed_forced_choice_v03,2022_04_22_abb05,NA,NA,NA,wr
abb,1,4/22/2022,abb06,9,0,GRAB_DA1h,box05,multi_s,headfixed_forced_choice_v03,2022_04_22_abb06,NA,NA,NA,fr
abb,1,4/25/2022,abb01,10,0,GRAB_DA1h,box05,multi_s,headfixed_forced_choice_v03,2022_04_25_abb01,NA,NA,NA,fr
abb,1,4/25/2022,abb03,10,0,GRAB_DA1h,box05,multi_s,headfixed_forced_choice_v03,2022_04_25_abb03,NA,NA,NA,wr
abb,1,4/25/2022,abb04,10,0,GRAB_DA1h,box05,multi_s,headfixed_forced_choice_v03,2022_04_25_abb04,NA,NA,NA,fr
abb,1,4/25/2022,abb05,10,0,GRAB_DA1h,box05,multi_s,headfixed_forced_choice_v03,2022_04_25_abb05,NA,NA,NA,wr
abb,1,4/25/2022,abb06,10,0,GRAB_DA1h,box05,multi_s,headfixed_forced_choice_v03,2022_04_25_abb06,NA,NA,NA,fr
abb,1,4/26/2022,abb01,11,0,GRAB_DA1h,box05,multi_s,headfixed_forced_choice_v03,2022_04_26_abb01,NA,NA,NA,fr
abb,1,4/26/2022,abb03,11,0,GRAB_DA1h,box05,multi_s,headfixed_forced_choice_v03,2022_04_26_abb03,NA,NA,NA,wr
abb,1,4/26/2022,abb04,11,0,GRAB_DA1h,box05,multi_s,headfixed_forced_choice_v03,2022_04_26_abb04,NA,NA,NA,fr
abb,1,4/26/2022,abb05,11,0,GRAB_DA1h,box05,multi_s,headfixed_forced_choice_v03,2022_04_26_abb05,NA,NA,NA,wr
abb,1,4/26/2022,abb06,11,0,GRAB_DA1h,box05,multi_s,headfixed_forced_choice_v03,2022_04_26_abb06,NA,NA,NA,fr
abb,1,4/27/2022,abb01,12,0,GRAB_DA1h,box05,multi_s,headfixed_forced_choice_v03,2022_04_27_abb01,NA,NA,NA,fr
abb,1,4/27/2022,abb03,12,0,GRAB_DA1h,box05,multi_s,headfixed_forced_choice_v03,2022_04_27_abb03,NA,NA,NA,wr
abb,1,4/27/2022,abb04,12,0,GRAB_DA1h,box05,multi_s,headfixed_forced_choice_v03,2022_04_27_abb04,NA,NA,NA,fr
abb,1,4/27/2022,abb05,12,0,GRAB_DA1h,box05,multi_s,headfixed_forced_choice_v03,2022_04_27_abb05,NA,NA,NA,wr
abb,1,4/27/2022,abb06,12,0,GRAB_DA1h,box05,multi_s,headfixed_forced_choice_v03,2022_04_27_abb06,NA,NA,NA,fr
abb,1,4/28/2022,abb01,13,0,GRAB_DA1h,box05,multi_s,headfixed_forced_choice_v03,2022_04_28_abb01,NA,NA,NA,fr
abb,1,4/28/2022,abb03,13,0,GRAB_DA1h,box05,multi_s,headfixed_forced_choice_v03,2022_04_28_abb03,NA,NA,NA,wr
abb,1,4/28/2022,abb04,13,0,GRAB_DA1h,box05,multi_s,headfixed_forced_choice_v03,2022_04_28_abb04,NA,NA,NA,fr
abb,1,4/28/2022,abb05,13,0,GRAB_DA1h,box05,multi_s,headfixed_forced_choice_v03,2022_04_28_abb05,NA,NA,NA,wr
abb,1,4/28/2022,abb06,13,0,GRAB_DA1h,box05,multi_s,headfixed_forced_choice_v03,2022_04_28_abb06,NA,NA,NA,fr
abb,1,5/2/2022,abb01,14,0,GRAB_DA1h,box05,multi_s,headfixed_forced_choice_v03,2022_05_02_abb01,NA,NA,NA,wr
abb,1,5/2/2022,abb03,14,0,GRAB_DA1h,box05,multi_s,headfixed_forced_choice_v03,2022_05_02_abb03,NA,NA,NA,fr
abb,1,5/2/2022,abb04,14,0,GRAB_DA1h,box05,multi_s,headfixed_forced_choice_v03,2022_05_02_abb04,NA,NA,NA,wr
abb,1,5/2/2022,abb05,14,0,GRAB_DA1h,box05,multi_s,headfixed_forced_choice_v03,2022_05_02_abb05,NA,NA,NA,fr
abb,1,5/2/2022,abb06,14,0,GRAB_DA1h,box05,multi_s,headfixed_forced_choice_v03,2022_05_02_abb06,NA,NA,NA,wr
abb,1,5/3/2022,abb01,15,0,GRAB_DA1h,box05,multi_s,headfixed_forced_choice_v03,2022_05_03_abb01,NA,NA,NA,wr
abb,1,5/3/2022,abb03,15,0,GRAB_DA1h,box05,multi_s,headfixed_forced_choice_v03,2022_05_03_abb03,NA,NA,NA,fr
abb,1,5/3/2022,abb04,15,0,GRAB_DA1h,box05,multi_s,headfixed_forced_choice_v03,2022_05_03_abb04,NA,NA,NA,wr
abb,1,5/3/2022,abb05,15,0,GRAB_DA1h,box05,multi_s,headfixed_forced_choice_v03,2022_05_03_abb05,NA,NA,NA,fr
abb,1,5/3/2022,abb06,15,0,GRAB_DA1h,box05,multi_s,headfixed_forced_choice_v03,2022_05_03_abb06,NA,NA,NA,wr
abb,1,5/4/2022,abb01,16,0,GRAB_DA1h,box05,multi_s,headfixed_forced_choice_v03,2022_05_04_abb01,NA,NA,NA,wr
abb,1,5/4/2022,abb03,16,0,GRAB_DA1h,box05,multi_s,headfixed_forced_choice_v03,2022_05_04_abb03,NA,NA,NA,fr
abb,1,5/4/2022,abb04,16,0,GRAB_DA1h,box05,multi_s,headfixed_forced_choice_v03,2022_05_04_abb04,NA,NA,NA,wr
abb,1,5/4/2022,abb05,16,0,GRAB_DA1h,box05,multi_s,headfixed_forced_choice_v03,2022_05_04_abb05,NA,NA,NA,fr
abb,1,5/4/2022,abb06,16,0,GRAB_DA1h,box05,multi_s,headfixed_forced_choice_v03,2022_05_04_abb06,NA,NA,NA,wr
abb,1,5/5/2022,abb01,17,0,GRAB_DA1h,box05,multi_s,headfixed_forced_choice_v03,2022_05_05_abb01,NA,NA,NA,wr
abb,1,5/5/2022,abb03,17,0,GRAB_DA1h,box05,multi_s,headfixed_forced_choice_v03,2022_05_05_abb03,NA,NA,NA,fr
abb,1,5/5/2022,abb04,17,0,GRAB_DA1h,box05,multi_s,headfixed_forced_choice_v03,2022_05_05_abb04,NA,NA,NA,wr
abb,1,5/5/2022,abb05,17,0,GRAB_DA1h,box05,multi_s,headfixed_forced_choice_v03,2022_05_05_abb05,NA,NA,NA,fr
abb,1,5/5/2022,abb06,17,0,GRAB_DA1h,box05,multi_s,headfixed_forced_choice_v03,2022_05_05_abb06,NA,NA,NA,wr
abb,1,5/6/2022,abb01,18,0,GRAB_DA1h,box05,multi_s,headfixed_forced_choice_v03,2022_05_06_abb01,NA,NA,NA,wr
abb,1,5/6/2022,abb03,18,0,GRAB_DA1h,box05,multi_s,headfixed_forced_choice_v03,2022_05_06_abb03,NA,NA,NA,fr
abb,1,5/6/2022,abb04,18,0,GRAB_DA1h,box05,multi_s,headfixed_forced_choice_v03,2022_05_06_abb04,NA,NA,NA,wr
abb,1,5/6/2022,abb05,18,0,GRAB_DA1h,box05,multi_s,headfixed_forced_choice_v03,2022_05_06_abb05,NA,NA,NA,fr
abb,1,5/6/2022,abb06,18,0,GRAB_DA1h,box05,multi_s,headfixed_forced_choice_v03,2022_05_06_abb06,NA,NA,NA,wr
abb,1,5/9/2022,abb01,19,0,GRAB_DA1h,box05,multi_nacl,headfixed_forced_choice_v03,2022_05_09_abb01,NA,NA,NA,wr
abb,1,5/9/2022,abb03,19,0,GRAB_DA1h,box05,multi_nacl,headfixed_forced_choice_v03,2022_05_09_abb03,NA,NA,NA,wr
abb,1,5/9/2022,abb04,19,0,GRAB_DA1h,box05,multi_nacl,headfixed_forced_choice_v03,2022_05_09_abb04,NA,NA,NA,wr
abb,1,5/9/2022,abb05,19,0,GRAB_DA1h,box05,multi_nacl,headfixed_forced_choice_v03,2022_05_09_abb05,NA,NA,NA,wr
abb,1,5/9/2022,abb06,19,0,GRAB_DA1h,box05,multi_nacl,headfixed_forced_choice_v03,2022_05_09_abb06,NA,NA,NA,wr
abb,1,5/10/2022,abb01,20,0,GRAB_DA1h,box05,multi_nacl,headfixed_forced_choice_v03,2022_05_10_abb01,NA,NA,NA,wr
abb,1,5/10/2022,abb03,20,0,GRAB_DA1h,box05,multi_nacl,headfixed_forced_choice_v03,2022_05_10_abb03,NA,NA,NA,wr
abb,1,5/10/2022,abb04,20,0,GRAB_DA1h,box05,multi_nacl,headfixed_forced_choice_v03,2022_05_10_abb04,NA,NA,NA,wr
abb,1,5/10/2022,abb05,20,0,GRAB_DA1h,box05,multi_nacl,headfixed_forced_choice_v03,2022_05_10_abb05,NA,NA,NA,wr
abb,1,5/10/2022,abb06,20,0,GRAB_DA1h,box05,multi_nacl,headfixed_forced_choice_v03,2022_05_10_abb06,NA,NA,NA,wr
abb,1,5/11/2022,abb01,21,0,GRAB_DA1h,box05,multi_nacl,headfixed_forced_choice_v03,2022_05_11_abb01,NA,NA,NA,wr
abb,1,5/11/2022,abb03,21,0,GRAB_DA1h,box05,multi_nacl,headfixed_forced_choice_v03,2022_05_11_abb03,NA,NA,NA,wr
abb,1,5/11/2022,abb04,21,0,GRAB_DA1h,box05,multi_nacl,headfixed_forced_choice_v03,2022_05_11_abb04,NA,NA,NA,wr
abb,1,5/11/2022,abb05,21,0,GRAB_DA1h,box05,multi_nacl,headfixed_forced_choice_v03,2022_05_11_abb05,NA,NA,NA,wr
abb,1,5/11/2022,abb06,21,0,GRAB_DA1h,box05,multi_nacl,headfixed_forced_choice_v03,2022_05_11_abb06,NA,NA,NA,wr
abb,1,5/12/2022,abb01,22,0,GRAB_DA1h,box05,multi_nacl,headfixed_forced_choice_v03,2022_05_12_abb01,NA,NA,NA,wr
abb,1,5/12/2022,abb03,22,0,GRAB_DA1h,box05,multi_nacl,headfixed_forced_choice_v03,2022_05_12_abb03,NA,NA,NA,wr
abb,1,5/12/2022,abb04,22,0,GRAB_DA1h,box05,multi_nacl,headfixed_forced_choice_v03,2022_05_12_abb04,NA,NA,NA,wr
abb,1,5/12/2022,abb05,22,0,GRAB_DA1h,box05,multi_nacl,headfixed_forced_choice_v03,2022_05_12_abb05,NA,NA,NA,wr
abb,1,5/12/2022,abb06,22,0,GRAB_DA1h,box05,multi_nacl,headfixed_forced_choice_v03,2022_05_12_abb06,NA,NA,NA,wr
abb,1,5/13/2022,abb01,23,0,GRAB_DA1h,box05,multi_nacl,headfixed_forced_choice_v03,2022_05_13_abb01,NA,NA,NA,wr
abb,1,5/13/2022,abb03,23,0,GRAB_DA1h,box05,multi_nacl,headfixed_forced_choice_v03,2022_05_13_abb03,NA,NA,NA,wr
abb,1,5/13/2022,abb04,23,0,GRAB_DA1h,box05,multi_nacl,headfixed_forced_choice_v03,2022_05_13_abb04,NA,NA,NA,wr
abb,1,5/13/2022,abb05,23,0,GRAB_DA1h,box05,multi_nacl,headfixed_forced_choice_v03,2022_05_13_abb05,NA,NA,NA,wr
abb,1,5/13/2022,abb06,23,0,GRAB_DA1h,box05,multi_nacl,headfixed_forced_choice_v03,2022_05_13_abb06,NA,NA,NA,wr
abb,2,5/16/2022,abb07,0,0,GRAB_DA2m,box05,fa_sucrose30,d00_headfixed_free_access_v01,2022_05_16_abb07,NA,NA,NA,fr
abb,2,5/16/2022,abb08,0,0,GRAB_DA2m,box05,fa_sucrose30,d00_headfixed_free_access_v01,2022_05_16_abb08,NA,NA,NA,wr
abb,2,5/16/2022,abb09,0,0,GRAB_DA2m,box05,fa_sucrose30,d00_headfixed_free_access_v01,2022_05_16_abb09,NA,NA,NA,fr
abb,2,5/16/2022,abb10,0,0,GRAB_DA2m,box05,fa_sucrose30,d00_headfixed_free_access_v01,2022_05_16_abb10,NA,NA,NA,wr
abb,2,5/16/2022,abb11,0,0,GRAB_DA2m,box05,fa_sucrose30,d00_headfixed_free_access_v01,2022_05_16_abb11,NA,NA,NA,fr
abb,2,5/16/2022,abb12,0,0,GRAB_DA2m,box05,fa_sucrose30,d00_headfixed_free_access_v01,2022_05_16_abb12,NA,NA,NA,wr
abb,2,5/17/2022,abb07,1,0,GRAB_DA2m,box05,fa_sucrose30,d00_headfixed_free_access_v01,2022_05_17_abb07,NA,NA,NA,fr
abb,2,5/17/2022,abb08,1,0,GRAB_DA2m,box05,fa_sucrose30,d00_headfixed_free_access_v01,2022_05_17_abb08,NA,NA,NA,wr
abb,2,5/17/2022,abb09,1,0,GRAB_DA2m,box05,fa_sucrose30,d00_headfixed_free_access_v01,2022_05_17_abb09,NA,NA,NA,fr
abb,2,5/17/2022,abb10,1,0,GRAB_DA2m,box05,fa_sucrose30,d00_headfixed_free_access_v01,2022_05_17_abb10,NA,NA,NA,wr
abb,2,5/17/2022,abb11,1,0,GRAB_DA2m,box05,fa_sucrose30,d00_headfixed_free_access_v01,2022_05_17_abb11,NA,NA,NA,fr
abb,2,5/17/2022,abb12,1,0,GRAB_DA2m,box05,fa_sucrose30,d00_headfixed_free_access_v01,2022_05_17_abb12,NA,NA,NA,wr
abb,2,5/18/2022,abb07,2,0,GRAB_DA2m,box05,fa_sucrose30,d00_headfixed_free_access_v01,2022_05_18_abb07,NA,NA,NA,fr
abb,2,5/18/2022,abb08,2,0,GRAB_DA2m,box05,fa_sucrose30,d00_headfixed_free_access_v01,2022_05_18_abb08,NA,NA,NA,wr
abb,2,5/18/2022,abb09,2,0,GRAB_DA2m,box05,fa_sucrose30,d00_headfixed_free_access_v01,2022_05_18_abb09,NA,NA,NA,fr
abb,2,5/18/2022,abb10,2,0,GRAB_DA2m,box05,fa_sucrose30,d00_headfixed_free_access_v01,2022_05_18_abb10,NA,NA,NA,wr
abb,2,5/18/2022,abb11,2,0,GRAB_DA2m,box05,fa_sucrose30,d00_headfixed_free_access_v01,2022_05_18_abb11,NA,NA,NA,fr
abb,2,5/18/2022,abb12,2,0,GRAB_DA2m,box05,fa_sucrose30,d00_headfixed_free_access_v01,2022_05_18_abb12,NA,NA,NA,wr
abb,2,5/19/2022,abb07,3,0,GRAB_DA2m,box05,multi_s,headfixed_forced_choice_v03,2022_05_19_abb07,NA,NA,NA,fr
abb,2,5/19/2022,abb08,3,0,GRAB_DA2m,box05,multi_s,headfixed_forced_choice_v03,2022_05_19_abb08,NA,NA,NA,wr
abb,2,5/19/2022,abb09,3,0,GRAB_DA2m,box05,multi_s,headfixed_forced_choice_v03,2022_05_19_abb09,NA,NA,NA,fr
abb,2,5/19/2022,abb10,3,0,GRAB_DA2m,box05,multi_s,headfixed_forced_choice_v03,2022_05_19_abb10,NA,NA,NA,wr
abb,2,5/19/2022,abb11,3,0,GRAB_DA2m,box05,multi_s,headfixed_forced_choice_v03,2022_05_19_abb11,NA,NA,NA,fr
abb,2,5/19/2022,abb12,3,0,GRAB_DA2m,box05,multi_s,headfixed_forced_choice_v03,2022_05_19_abb12,NA,NA,NA,wr
abb,2,5/20/2022,abb07,4,0,GRAB_DA2m,box05,multi_s,headfixed_forced_choice_v03,2022_05_20_abb07,NA,NA,NA,fr
abb,2,5/20/2022,abb08,4,0,GRAB_DA2m,box05,multi_s,headfixed_forced_choice_v03,2022_05_20_abb08,NA,NA,NA,wr
abb,2,5/20/2022,abb09,4,0,GRAB_DA2m,box05,multi_s,headfixed_forced_choice_v03,2022_05_20_abb09,NA,NA,NA,fr
abb,2,5/20/2022,abb10,4,0,GRAB_DA2m,box05,multi_s,headfixed_forced_choice_v03,2022_05_20_abb10,NA,NA,NA,wr
abb,2,5/20/2022,abb11,4,0,GRAB_DA2m,box05,multi_s,headfixed_forced_choice_v03,2022_05_20_abb11,NA,NA,NA,fr
abb,2,5/20/2022,abb12,4,0,GRAB_DA2m,box05,multi_s,headfixed_forced_choice_v03,2022_05_20_abb12,NA,NA,NA,wr
abb,2,5/23/2022,abb07,5,0,GRAB_DA2m,box05,multi_s,headfixed_forced_choice_v03,2022_05_23_abb07,NA,NA,NA,fr
abb,2,5/23/2022,abb08,5,0,GRAB_DA2m,box05,multi_s,headfixed_forced_choice_v03,2022_05_23_abb08,NA,NA,NA,wr
abb,2,5/23/2022,abb09,5,0,GRAB_DA2m,box05,multi_s,headfixed_forced_choice_v03,2022_05_23_abb09,NA,NA,NA,fr
abb,2,5/23/2022,abb10,5,0,GRAB_DA2m,box05,multi_s,headfixed_forced_choice_v03,2022_05_23_abb10,NA,NA,NA,wr
abb,2,5/23/2022,abb11,5,0,GRAB_DA2m,box05,multi_s,headfixed_forced_choice_v03,2022_05_23_abb11,NA,NA,NA,fr
abb,2,5/23/2022,abb12,5,0,GRAB_DA2m,box05,multi_s,headfixed_forced_choice_v03,2022_05_23_abb12,NA,NA,NA,wr
abb,2,5/24/2022,abb07,6,0,GRAB_DA2m,box05,multi_s,headfixed_forced_choice_v03,2022_05_24_abb07,NA,NA,NA,fr
abb,2,5/24/2022,abb08,6,0,GRAB_DA2m,box05,multi_s,headfixed_forced_choice_v03,2022_05_24_abb08,NA,NA,NA,wr
abb,2,5/24/2022,abb09,6,0,GRAB_DA2m,box05,multi_s,headfixed_forced_choice_v03,2022_05_24_abb09,NA,NA,NA,fr
abb,2,5/24/2022,abb10,6,0,GRAB_DA2m,box05,multi_s,headfixed_forced_choice_v03,2022_05_24_abb10,NA,NA,NA,wr
abb,2,5/24/2022,abb11,6,0,GRAB_DA2m,box05,multi_s,headfixed_forced_choice_v03,2022_05_24_abb11,NA,NA,NA,fr
abb,2,5/24/2022,abb12,6,0,GRAB_DA2m,box05,multi_s,headfixed_forced_choice_v03,2022_05_24_abb12,NA,NA,NA,wr
abb,2,5/25/2022,abb07,7,0,GRAB_DA2m,box05,multi_s,headfixed_forced_choice_v03,2022_05_25_abb07,NA,NA,NA,fr
abb,2,5/25/2022,abb08,7,0,GRAB_DA2m,box05,multi_s,headfixed_forced_choice_v03,2022_05_25_abb08,NA,NA,NA,wr
abb,2,5/25/2022,abb09,7,0,GRAB_DA2m,box05,multi_s,headfixed_forced_choice_v03,2022_05_25_abb09,NA,NA,NA,fr
abb,2,5/25/2022,abb10,7,0,GRAB_DA2m,box05,multi_s,headfixed_forced_choice_v03,2022_05_25_abb10,NA,NA,NA,wr
abb,2,5/25/2022,abb11,7,0,GRAB_DA2m,box05,multi_s,headfixed_forced_choice_v03,2022_05_25_abb11,NA,NA,NA,fr
abb,2,5/25/2022,abb12,7,0,GRAB_DA2m,box05,multi_s,headfixed_forced_choice_v03,2022_05_25_abb12,NA,NA,NA,wr
abb,2,5/26/2022,abb07,8,0,GRAB_DA2m,box05,multi_s,headfixed_forced_choice_v03,2022_05_26_abb07,NA,NA,NA,fr
abb,2,5/26/2022,abb08,8,0,GRAB_DA2m,box05,multi_s,headfixed_forced_choice_v03,2022_05_26_abb08,NA,NA,NA,wr
abb,2,5/26/2022,abb09,8,0,GRAB_DA2m,box05,multi_s,headfixed_forced_choice_v03,2022_05_26_abb09,NA,NA,NA,fr
abb,2,5/26/2022,abb10,8,0,GRAB_DA2m,box05,multi_s,headfixed_forced_choice_v03,2022_05_26_abb10,NA,NA,NA,wr
abb,2,5/26/2022,abb11,8,0,GRAB_DA2m,box05,multi_s,headfixed_forced_choice_v03,2022_05_26_abb11,NA,NA,NA,fr
abb,2,5/26/2022,abb12,8,0,GRAB_DA2m,box05,multi_s,headfixed_forced_choice_v03,2022_05_26_abb12,NA,NA,NA,wr
abb,2,5/27/2022,abb07,9,0,GRAB_DA2m,box05,multi_s,headfixed_forced_choice_v03,2022_05_27_abb07,NA,NA,NA,fr
abb,2,5/27/2022,abb08,9,0,GRAB_DA2m,box05,multi_s,headfixed_forced_choice_v03,2022_05_27_abb08,NA,NA,NA,wr
abb,2,5/27/2022,abb09,9,0,GRAB_DA2m,box05,multi_s,headfixed_forced_choice_v03,2022_05_27_abb09,NA,NA,NA,fr
abb,2,5/27/2022,abb10,9,0,GRAB_DA2m,box05,multi_s,headfixed_forced_choice_v03,2022_05_27_abb10,NA,NA,NA,wr
abb,2,5/27/2022,abb11,9,0,GRAB_DA2m,box05,multi_s,headfixed_forced_choice_v03,2022_05_27_abb11,NA,NA,NA,fr
abb,2,5/27/2022,abb12,9,0,GRAB_DA2m,box05,multi_s,headfixed_forced_choice_v03,2022_05_27_abb12,NA,NA,NA,wr
abb,2,5/30/2022,abb07,10,0,GRAB_DA2m,box05,multi_s,headfixed_forced_choice_v03,2022_05_30_abb07,NA,NA,NA,wr
abb,2,5/30/2022,abb08,10,0,GRAB_DA2m,box05,multi_s,headfixed_forced_choice_v03,2022_05_30_abb08,NA,NA,NA,fr
abb,2,5/30/2022,abb09,10,0,GRAB_DA2m,box05,multi_s,headfixed_forced_choice_v03,2022_05_30_abb09,NA,NA,NA,wr
abb,2,5/30/2022,abb10,10,0,GRAB_DA2m,box05,multi_s,headfixed_forced_choice_v03,2022_05_30_abb10,NA,NA,NA,fr
abb,2,5/30/2022,abb11,10,0,GRAB_DA2m,box05,multi_s,headfixed_forced_choice_v03,2022_05_30_abb11,NA,NA,NA,wr
abb,2,5/30/2022,abb12,10,0,GRAB_DA2m,box05,multi_s,headfixed_forced_choice_v03,2022_05_30_abb12,NA,NA,NA,fr
abb,2,5/31/2022,abb07,11,0,GRAB_DA2m,box05,multi_s,headfixed_forced_choice_v03,2022_05_31_abb07,NA,NA,NA,wr
abb,2,5/31/2022,abb08,11,0,GRAB_DA2m,box05,multi_s,headfixed_forced_choice_v03,2022_05_31_abb08,NA,NA,NA,fr
abb,2,5/31/2022,abb09,11,0,GRAB_DA2m,box05,multi_s,headfixed_forced_choice_v03,2022_05_31_abb09,NA,NA,NA,wr
abb,2,5/31/2022,abb10,11,0,GRAB_DA2m,box05,multi_s,headfixed_forced_choice_v03,2022_05_31_abb10,NA,NA,NA,fr
abb,2,5/31/2022,abb11,11,0,GRAB_DA2m,box05,multi_s,headfixed_forced_choice_v03,2022_05_31_abb11,NA,NA,NA,wr
abb,2,5/31/2022,abb12,11,0,GRAB_DA2m,box05,multi_s,headfixed_forced_choice_v03,2022_05_31_abb12,NA,NA,NA,fr
abb,2,6/7/2022,abb07,12,0,GRAB_DA2m,box05,multi_s,headfixed_forced_choice_v03,2022_06_07_abb07,NA,NA,NA,wr
abb,2,6/7/2022,abb08,12,0,GRAB_DA2m,box05,multi_s,headfixed_forced_choice_v03,2022_06_07_abb08,NA,NA,NA,fr
abb,2,6/7/2022,abb09,12,0,GRAB_DA2m,box05,multi_s,headfixed_forced_choice_v03,2022_06_07_abb09,NA,NA,NA,wr
abb,2,6/7/2022,abb10,12,0,GRAB_DA2m,box05,multi_s,headfixed_forced_choice_v03,2022_06_07_abb10,NA,NA,NA,fr
abb,2,6/7/2022,abb11,12,0,GRAB_DA2m,box05,multi_s,headfixed_forced_choice_v03,2022_06_07_abb11,NA,NA,NA,wr
abb,2,6/7/2022,abb12,12,0,GRAB_DA2m,box05,multi_s,headfixed_forced_choice_v03,2022_06_07_abb12,NA,NA,NA,fr
abb,2,6/8/2022,abb07,NA,1,GRAB_DA2m,box05,multi_s,headfixed_forced_choice_v03,2022_06_08_abb07,NA,NA,NA,wr
abb,2,6/8/2022,abb08,13,0,GRAB_DA2m,box05,multi_s,headfixed_forced_choice_v03,2022_06_08_abb08,NA,NA,NA,fr
abb,2,6/8/2022,abb09,13,0,GRAB_DA2m,box05,multi_s,headfixed_forced_choice_v03,2022_06_08_abb09,NA,NA,NA,wr
abb,2,6/8/2022,abb10,13,0,GRAB_DA2m,box05,multi_s,headfixed_forced_choice_v03,2022_06_08_abb10,NA,NA,NA,fr
abb,2,6/8/2022,abb11,13,0,GRAB_DA2m,box05,multi_s,headfixed_forced_choice_v03,2022_06_08_abb11,NA,NA,NA,wr
abb,2,6/8/2022,abb12,13,0,GRAB_DA2m,box05,multi_s,headfixed_forced_choice_v03,2022_06_08_abb12,NA,NA,NA,fr
abb,2,6/9/2022,abb07,14,0,GRAB_DA2m,box05,multi_s,headfixed_forced_choice_v03,2022_06_09_abb07,NA,NA,NA,wr
abb,2,6/9/2022,abb08,14,0,GRAB_DA2m,box05,multi_s,headfixed_forced_choice_v03,2022_06_09_abb08,NA,NA,NA,fr
abb,2,6/9/2022,abb09,14,0,GRAB_DA2m,box05,multi_s,headfixed_forced_choice_v03,2022_06_09_abb09,NA,NA,NA,wr
abb,2,6/9/2022,abb10,14,0,GRAB_DA2m,box05,multi_s,headfixed_forced_choice_v03,2022_06_09_abb10,NA,NA,NA,fr
abb,2,6/9/2022,abb11,14,0,GRAB_DA2m,box05,multi_s,headfixed_forced_choice_v03,2022_06_09_abb11,NA,NA,NA,wr
abb,2,6/9/2022,abb12,14,0,GRAB_DA2m,box05,multi_s,headfixed_forced_choice_v03,2022_06_09_abb12,NA,NA,NA,fr
abb,2,6/10/2022,abb07,15,0,GRAB_DA2m,box05,multi_s,headfixed_forced_choice_v03,2022_06_10_abb07,NA,NA,NA,wr
abb,2,6/10/2022,abb08,15,0,GRAB_DA2m,box05,multi_s,headfixed_forced_choice_v03,2022_06_10_abb08,NA,NA,NA,fr
abb,2,6/10/2022,abb09,15,0,GRAB_DA2m,box05,multi_s,headfixed_forced_choice_v03,2022_06_10_abb09,NA,NA,NA,wr
abb,2,6/10/2022,abb10,15,0,GRAB_DA2m,box05,multi_s,headfixed_forced_choice_v03,2022_06_10_abb10,NA,NA,NA,fr
abb,2,6/10/2022,abb11,15,0,GRAB_DA2m,box05,multi_s,headfixed_forced_choice_v03,2022_06_10_abb11,NA,NA,NA,wr
abb,2,6/10/2022,abb12,15,0,GRAB_DA2m,box05,multi_s,headfixed_forced_choice_v03,2022_06_10_abb12,NA,NA,NA,fr
abb,2,6/13/2022,abb07,16,0,GRAB_DA2m,box05,multi_nacl,headfixed_forced_choice_v03,2022_06_13_abb07,NA,NA,NA,wr
abb,2,6/13/2022,abb08,16,0,GRAB_DA2m,box05,multi_nacl,headfixed_forced_choice_v03,2022_06_13_abb08,NA,NA,NA,wr
abb,2,6/13/2022,abb09,16,0,GRAB_DA2m,box05,multi_nacl,headfixed_forced_choice_v03,2022_06_13_abb09,NA,NA,NA,wr
abb,2,6/13/2022,abb10,16,0,GRAB_DA2m,box05,multi_nacl,headfixed_forced_choice_v03,2022_06_13_abb10,NA,NA,NA,wr
abb,2,6/13/2022,abb11,16,0,GRAB_DA2m,box05,multi_nacl,headfixed_forced_choice_v03,2022_06_13_abb11,NA,NA,NA,wr
abb,2,6/13/2022,abb12,16,0,GRAB_DA2m,box05,multi_nacl,headfixed_forced_choice_v03,2022_06_13_abb12,NA,NA,NA,wr
abb,2,6/14/2022,abb07,17,0,GRAB_DA2m,box05,multi_nacl,headfixed_forced_choice_v03,2022_06_14_abb07,NA,NA,NA,wr
abb,2,6/14/2022,abb08,17,0,GRAB_DA2m,box05,multi_nacl,headfixed_forced_choice_v03,2022_06_14_abb08,NA,NA,NA,wr
abb,2,6/14/2022,abb09,17,0,GRAB_DA2m,box05,multi_nacl,headfixed_forced_choice_v03,2022_06_14_abb09,NA,NA,NA,wr
abb,2,6/14/2022,abb10,17,0,GRAB_DA2m,box05,multi_nacl,headfixed_forced_choice_v03,2022_06_14_abb10,NA,NA,NA,wr
abb,2,6/14/2022,abb11,17,0,GRAB_DA2m,box05,multi_nacl,headfixed_forced_choice_v03,2022_06_14_abb11,NA,NA,NA,wr
abb,2,6/14/2022,abb12,17,0,GRAB_DA2m,box05,multi_nacl,headfixed_forced_choice_v03,2022_06_14_abb12,NA,NA,NA,wr
abb,2,6/15/2022,abb07,18,0,GRAB_DA2m,box05,multi_nacl,headfixed_forced_choice_v03,2022_06_15_abb07,NA,NA,NA,wr
abb,2,6/15/2022,abb08,18,0,GRAB_DA2m,box05,multi_nacl,headfixed_forced_choice_v03,2022_06_15_abb08,NA,NA,NA,wr
abb,2,6/15/2022,abb09,18,0,GRAB_DA2m,box05,multi_nacl,headfixed_forced_choice_v03,2022_06_15_abb09,NA,NA,NA,wr
abb,2,6/15/2022,abb10,18,0,GRAB_DA2m,box05,multi_nacl,headfixed_forced_choice_v03,2022_06_15_abb10,NA,NA,NA,wr
abb,2,6/15/2022,abb11,18,0,GRAB_DA2m,box05,multi_nacl,headfixed_forced_choice_v03,2022_06_15_abb11,NA,NA,NA,wr
abb,2,6/15/2022,abb12,18,0,GRAB_DA2m,box05,multi_nacl,headfixed_forced_choice_v03,2022_06_15_abb12,NA,NA,NA,wr
abb,2,6/16/2022,abb07,19,0,GRAB_DA2m,box05,multi_nacl,headfixed_forced_choice_v03,2022_06_16_abb07,NA,NA,NA,wr
abb,2,6/16/2022,abb08,19,0,GRAB_DA2m,box05,multi_nacl,headfixed_forced_choice_v03,2022_06_16_abb08,NA,NA,NA,wr
abb,2,6/16/2022,abb09,19,0,GRAB_DA2m,box05,multi_nacl,headfixed_forced_choice_v03,2022_06_16_abb09,NA,NA,NA,wr
abb,2,6/16/2022,abb10,19,0,GRAB_DA2m,box05,multi_nacl,headfixed_forced_choice_v03,2022_06_16_abb10,NA,NA,NA,wr
abb,2,6/16/2022,abb11,19,0,GRAB_DA2m,box05,multi_nacl,headfixed_forced_choice_v03,2022_06_16_abb11,NA,NA,NA,wr
abb,2,6/16/2022,abb12,19,0,GRAB_DA2m,box05,multi_nacl,headfixed_forced_choice_v03,2022_06_16_abb12,NA,NA,NA,wr
abb,2,6/17/2022,abb07,20,0,GRAB_DA2m,box05,multi_nacl,headfixed_forced_choice_v03,2022_06_17_abb07,NA,NA,NA,wr
abb,2,6/17/2022,abb08,20,0,GRAB_DA2m,box05,multi_nacl,headfixed_forced_choice_v03,2022_06_17_abb08,NA,NA,NA,wr
abb,2,6/17/2022,abb09,20,0,GRAB_DA2m,box05,multi_nacl,headfixed_forced_choice_v03,2022_06_17_abb09,NA,NA,NA,wr
abb,2,6/17/2022,abb10,20,0,GRAB_DA2m,box05,multi_nacl,headfixed_forced_choice_v03,2022_06_17_abb10,NA,NA,NA,wr
abb,2,6/17/2022,abb11,20,0,GRAB_DA2m,box05,multi_nacl,headfixed_forced_choice_v03,2022_06_17_abb11,NA,NA,NA,wr
abb,2,6/17/2022,abb12,20,0,GRAB_DA2m,box05,multi_nacl,headfixed_forced_choice_v03,2022_06_17_abb12,NA,NA,NA,wr
abb,2,6/18/2022,abb07,13,0,GRAB_DA2m,box05,multi_s,headfixed_forced_choice_v03,2022_06_18_abb07,NA,NA,NA,wr
